text,mood
"Today is absolutely wonderful! Everything is going perfectly! ğŸŒŸ",happy
"Just received amazing news about my promotion! ğŸ‰",happy
"My wedding day was the most beautiful day of my life! ğŸ’‘",happy
"Achieved all my goals this month, feeling accomplished! ğŸ†",happy
"The surprise party they threw for me was incredible! ğŸˆ",happy
"My child took their first steps today! ğŸ‘¶",happy
"Won first prize in the competition! ğŸ¥‡",happy
"Finally bought my dream house! ğŸ ",happy
"Graduated with honors, all the hard work paid off! ğŸ“",happy
"Our team won the championship! ğŸ†",happy
"My business is thriving beyond expectations! ğŸ“ˆ",happy
"Just got engaged to the love of my life! ğŸ’",happy
"Reunited with my family after years apart! ğŸ¤—",happy
"Received a full scholarship to my dream university! ğŸ“š",happy
"My art exhibition was a huge success! ğŸ¨",happy
"Lost my job today, feeling devastated ğŸ’”",sad
"My best friend moved away to another country ğŸ˜¢",sad
"Failed my important exam despite studying hard ğŸ“",sad
"Got rejected from my dream college ğŸ˜”",sad
"My pet passed away this morning ğŸ¾",sad
"Nobody remembered my birthday ğŸ‚",sad
"Lost all my savings in a bad investment ğŸ’¸",sad
"Found out my partner has been unfaithful ğŸ’”",sad
"Missing my loved ones who are far away ğŸŒ",sad
"Got terrible news from the doctor today ğŸ¥",sad
"My manuscript was rejected by all publishers ğŸ“š",sad
"Lost the championship in the final match âš½",sad
"My startup failed after years of hard work ğŸ“‰",sad
"Had to cancel my wedding ğŸ’",sad
"My childhood home was sold today ğŸ ",sad
"Regular day at work, nothing special ğŸ’¼",neutral
"Doing the usual grocery shopping ğŸ›’",neutral
"Weather is typical for this time of year â˜ï¸",neutral
"Taking care of routine maintenance ğŸ”§",neutral
"Standard meeting with the team ğŸ‘¥",neutral
"Having an ordinary lunch break ğŸ¥ª",neutral
"Commuting to work like any other day ğŸš—",neutral
"Checking emails and responding to messages ğŸ“§",neutral
"Organizing my weekly schedule ğŸ“…",neutral
"Reading the morning news ğŸ“°",neutral
"Going through the daily reports ğŸ“Š",neutral
"Walking the dog at the usual time ğŸ•",neutral
"Making dinner as usual ğŸ³",neutral
"Attending the regular staff meeting ğŸ’¼",neutral
"Doing some basic housekeeping ğŸ§¹",neutral
"Can't wait for my vacation to Hawaii! âœˆï¸",excited
"Just got tickets to the World Cup final! âš½",excited
"Starting my dream job next week! ğŸ’¼",excited
"About to go on stage for my first performance! ğŸ­",excited
"Launching my new business tomorrow! ğŸš€",excited
"Meeting my favorite celebrity tonight! ğŸŒŸ",excited
"First time traveling abroad! ğŸŒ",excited
"Moving to New York City next month! ğŸ—½",excited
"Publishing my first book next week! ğŸ“š",excited
"Going skydiving for the first time! ğŸª‚",excited
"Hosting my first major event tomorrow! ğŸ‰",excited
"Starting my YouTube channel today! ğŸ¥",excited
"Got selected for the national team! ğŸ†",excited
"Giving a TED talk next month! ğŸ¤",excited
"Opening my restaurant tomorrow! ğŸ½ï¸",excited
"This service is absolutely unacceptable! ğŸ˜ ",angry
"Someone stole my car from the parking lot! ğŸš—",angry
"The airline lost all my luggage! âœˆï¸",angry
"My neighbor's loud music is driving me crazy! ğŸ”Š",angry
"They cancelled my show without any notice! ğŸ“º",angry
"Got scammed by an online seller! ğŸ’»",angry
"My computer crashed and lost all my work! ğŸ’»",angry
"Someone took credit for my project! ğŸ“Š",angry
"The delivery person damaged my package! ğŸ“¦",angry
"My landlord raised the rent unfairly! ğŸ ",angry
"The restaurant gave me the wrong order again! ğŸ½ï¸",angry
"Traffic is making me late for my interview! ğŸš—",angry
"My phone got stolen in broad daylight! ğŸ“±",angry
"They overcharged me and refuse to refund! ğŸ’°",angry
"My internet keeps disconnecting during meetings! ğŸ’»",angry
"Nervous about my surgery tomorrow ğŸ¥",anxious
"Waiting for my test results ğŸ“",anxious
"Big presentation in front of the board ğŸ“Š",anxious
"First day at my new school ğŸ«",anxious
"Meeting the in-laws for the first time ğŸ‘¥",anxious
"Job interview in an hour ğŸ’¼",anxious
"Audition for the main role today ğŸ­",anxious
"Waiting for college acceptance letters ğŸ“¬",anxious
"Going on my first blind date ğŸ’•",anxious
"Taking my driving test today ğŸš—",anxious
"Preparing for my thesis defense ğŸ“š",anxious
"Starting a new life in a different country ğŸŒ",anxious
"Waiting for medical test results ğŸ¥",anxious
"First time performing solo ğŸ¤",anxious
"Important client meeting in 5 minutes ğŸ’¼",anxious
"I feel so peaceful watching the sunset ğŸŒ…",content
"Just finished meditating, feeling serene ğŸ§˜",content
"Enjoying a quiet morning with my coffee â˜•",content
"Reading a good book by the fireplace ğŸ“š",content
"Spending quality time with family ğŸ‘¨â€ğŸ‘©â€ğŸ‘§â€ğŸ‘¦",content
"This is the most boring day ever ğŸ˜´",bored
"Nothing interesting to do today ğŸ¥±",bored
"Stuck in a never-ending meeting ğŸ’¤",bored
"Another uneventful weekend ğŸ“…",bored
"Can't find anything good to watch ğŸ“º",bored
"Feeling inspired to start a new project! ğŸ’¡",inspired
"Just had an amazing breakthrough idea! âœ¨",inspired
"Found the perfect solution to my problem! ğŸ¯",inspired
"Ready to make positive changes in my life! ğŸŒ±",inspired
"This workshop opened my mind to new possibilities! ğŸ¨",inspired